-- phpMyAdmin SQL Dump
-- version 5.2.1
-- https://www.phpmyadmin.net/
--
-- Host: 127.0.0.1:3307:3307
-- Generation Time: Mar 12, 2025 at 06:09 AM
-- Server version: 10.4.32-MariaDB
-- PHP Version: 8.2.12

SET SQL_MODE = "NO_AUTO_VALUE_ON_ZERO";
START TRANSACTION;
SET time_zone = "+00:00";


/*!40101 SET @OLD_CHARACTER_SET_CLIENT=@@CHARACTER_SET_CLIENT */;
/*!40101 SET @OLD_CHARACTER_SET_RESULTS=@@CHARACTER_SET_RESULTS */;
/*!40101 SET @OLD_COLLATION_CONNECTION=@@COLLATION_CONNECTION */;
/*!40101 SET NAMES utf8mb4 */;

--
-- Database: `praktikum_sql`
--

-- --------------------------------------------------------

--
-- Table structure for table `mahasiswa`
--

CREATE TABLE `mahasiswa` (
  `id_mahasiswa` int(11) NOT NULL,
  `nama` varchar(100) NOT NULL,
  `jurusan` varchar(50) NOT NULL
) ENGINE=InnoDB DEFAULT CHARSET=utf8mb4 COLLATE=utf8mb4_general_ci;

--
-- Dumping data for table `mahasiswa`
--

INSERT INTO `mahasiswa` (`id_mahasiswa`, `nama`, `jurusan`) VALUES
(1, 'Kuuga', 'Teknologi Informasi'),
(2, 'Kevin', 'Teknologi Informasi'),
(3, 'Uda', 'Teknik Sipil'),
(4, 'Juned', 'Akuntansi'),
(5, 'Gozu', 'Biologi');

-- --------------------------------------------------------

--
-- Table structure for table `mata_kuliah`
--

CREATE TABLE `mata_kuliah` (
  `id_matkul` int(11) NOT NULL,
  `nama_matkul` varchar(100) NOT NULL,
  `sks` int(11) NOT NULL
) ENGINE=InnoDB DEFAULT CHARSET=utf8mb4 COLLATE=utf8mb4_general_ci;

--
-- Dumping data for table `mata_kuliah`
--

INSERT INTO `mata_kuliah` (`id_matkul`, `nama_matkul`, `sks`) VALUES
(1, 'Basis Data', 2),
(2, 'Paradigma Sistem', 2),
(3, 'Manajemen keuangan', 2),
(4, 'Struktur Bangunan', 3),
(5, 'Biokimia', 2),
(6, 'Fisiologi Tumbuhan', 3);

-- --------------------------------------------------------

--
-- Table structure for table `pendaftaran`
--

CREATE TABLE `pendaftaran` (
  `id` int(11) NOT NULL,
  `id_mahasiswa` int(11) DEFAULT NULL,
  `id_matkul` int(11) DEFAULT NULL,
  `nilai` decimal(5,2) DEFAULT NULL
) ENGINE=InnoDB DEFAULT CHARSET=utf8mb4 COLLATE=utf8mb4_general_ci;

--
-- Dumping data for table `pendaftaran`
--

INSERT INTO `pendaftaran` (`id`, `id_mahasiswa`, `id_matkul`, `nilai`) VALUES
(1, 1, 1, 90.00),
(2, 1, 2, 83.54),
(3, 2, 1, 77.00),
(4, 2, 2, 88.33),
(5, 3, 4, 80.05),
(6, 4, 3, 46.75),
(7, 5, 5, 63.25),
(8, 5, 6, 78.25);

-- --------------------------------------------------------

--
-- Table structure for table `products`
--

CREATE TABLE `products` (
  `product_id` int(11) NOT NULL,
  `product_name` varchar(100) DEFAULT NULL,
  `category` varchar(50) DEFAULT NULL,
  `price` decimal(10,2) DEFAULT NULL
) ENGINE=InnoDB DEFAULT CHARSET=utf8mb4 COLLATE=utf8mb4_general_ci;

--
-- Dumping data for table `products`
--

INSERT INTO `products` (`product_id`, `product_name`, `category`, `price`) VALUES
(1, 'Laptop A', 'Electronics', 1200.00),
(2, 'Smartphone B', 'Electronics', 800.00),
(3, 'Tablet C', 'Electronics', 500.00),
(4, 'Shirt D', 'Clothing', 25.00),
(5, 'Jeans E', 'Clothing', 45.00),
(6, 'Shoes F', 'Clothing', 60.00),
(7, 'Book G', 'Books', 15.00),
(8, 'Notebook H', 'Books', 10.00),
(9, 'Pen I', 'Stationery', 2.00),
(10, 'Pencil J', 'Stationery', 1.50);

--
-- Indexes for dumped tables
--

--
-- Indexes for table `mahasiswa`
--
ALTER TABLE `mahasiswa`
  ADD PRIMARY KEY (`id_mahasiswa`);

--
-- Indexes for table `mata_kuliah`
--
ALTER TABLE `mata_kuliah`
  ADD PRIMARY KEY (`id_matkul`);

--
-- Indexes for table `pendaftaran`
--
ALTER TABLE `pendaftaran`
  ADD PRIMARY KEY (`id`),
  ADD KEY `id_mahasiswa` (`id_mahasiswa`),
  ADD KEY `id_matkul` (`id_matkul`);

--
-- Indexes for table `products`
--
ALTER TABLE `products`
  ADD PRIMARY KEY (`product_id`);

--
-- AUTO_INCREMENT for dumped tables
--

--
-- AUTO_INCREMENT for table `mahasiswa`
--
ALTER TABLE `mahasiswa`
  MODIFY `id_mahasiswa` int(11) NOT NULL AUTO_INCREMENT, AUTO_INCREMENT=6;

--
-- AUTO_INCREMENT for table `mata_kuliah`
--
ALTER TABLE `mata_kuliah`
  MODIFY `id_matkul` int(11) NOT NULL AUTO_INCREMENT, AUTO_INCREMENT=7;

--
-- AUTO_INCREMENT for table `pendaftaran`
--
ALTER TABLE `pendaftaran`
  MODIFY `id` int(11) NOT NULL AUTO_INCREMENT, AUTO_INCREMENT=9;

--
-- AUTO_INCREMENT for table `products`
--
ALTER TABLE `products`
  MODIFY `product_id` int(11) NOT NULL AUTO_INCREMENT, AUTO_INCREMENT=11;

--
-- Constraints for dumped tables
--

--
-- Constraints for table `pendaftaran`
--
ALTER TABLE `pendaftaran`
  ADD CONSTRAINT `pendaftaran_ibfk_1` FOREIGN KEY (`id_mahasiswa`) REFERENCES `mahasiswa` (`id_mahasiswa`),
  ADD CONSTRAINT `pendaftaran_ibfk_2` FOREIGN KEY (`id_matkul`) REFERENCES `mata_kuliah` (`id_matkul`);
COMMIT;

/*!40101 SET CHARACTER_SET_CLIENT=@OLD_CHARACTER_SET_CLIENT */;
/*!40101 SET CHARACTER_SET_RESULTS=@OLD_CHARACTER_SET_RESULTS */;
/*!40101 SET COLLATION_CONNECTION=@OLD_COLLATION_CONNECTION */;
